Bioguide ID,Name,Chamber,Party,State,District,Term Start,Age,Birthdate,Education,Previous Professions,Total Receipts,Total Disbursements,Main Funding Sources,Policy Focus & Platforms,Projected/Historical Voting Alignment,Committee Assignments,Estimated Net Worth,Term End Date,Status
C000127,Maria Cantwell,Senate,Democrat,WA,Unknown,2025-01-03,67,1958-10-13,"Bachelor of Arts in Public Administration, Miami University","Public relations consultant, Political campaign staffer, Technology company executive",789840.99,1264252.49,Individual/PAC contributions,"Technology, privacy, and telecommunications, Environmental conservation and clean energy, Consumer protection and commerce",DW-NOMINATE: -0.31 (Moderate Democrat) • ~89% Party Loyalty,"Joint Committee on Taxation; Senate Committee on Commerce, Science, and Transportation; Senate Committee on Energy and Natural Resources; Senate Committee on Finance; Senate Committee on Indian Affairs; Senate Committee on Small Business and Entrepreneurship","$4,213,505",2031-01-03,Active Member
K000367,Amy Klobuchar,Senate,Democrat,MN,Unknown,2025-01-03,66,1960-05-25,Juris Doctor (J.D.) from the University of Chicago Law School,"Private practice attorney, Corporate law firm partner",2516029.34,3095885.42,Individual/PAC contributions,"Antitrust regulation and consumer protection, Voting rights and election security, Agriculture and rural infrastructure",DW-NOMINATE: -0.28 (Moderate Democrat) • ~88% Party Loyalty,"Joint Committee of Congress on the Library; Joint Economic Committee; Senate Committee on Agriculture, Nutrition, and Forestry; Senate Committee on Commerce, Science, and Transportation; Senate Committee on Rules and Administration; Senate Committee on the Judiciary","$681,014",2031-01-03,Active Member
S000033,Bernard Sanders,Senate,Independent,VT,Unknown,2025-01-03,84,1941-09-08,Unknown,Public service,332845.0,331284.0,Individual/PAC contributions,General legislative priorities,DW-NOMINATE: -0.55 (Solidly Progressive) • ~96% Party Loyalty,"Senate Committee on Environment and Public Works (Subcommittee); Senate Committee on Health, Education, Labor, and Pensions (Subcommittee); Senate Committee on Environment and Public Works; Senate Committee on Finance; Senate Committee on Health, Education, Labor, and Pensions; Senate Committee on Veterans' Affairs; Senate Committee on the Budget","$308,005",2031-01-03,Active Member
W000802,Sheldon Whitehouse,Senate,Democrat,RI,Unknown,2025-01-03,70,1955-10-20,Juris Doctor (J.D.) from the University of Virginia School of Law,Attorney,6587257.0,6428954.0,Individual/PAC contributions,"Climate change and environmental protection, Campaign finance reform and dark money in politics, Judicial reform and ethics",DW-NOMINATE: -0.34 (Moderate Democrat) • ~90% Party Loyalty,Commission on Security and Cooperation in Europe; Senate Committee on Environment and Public Works (Subcommittee); Senate Committee on Environment and Public Works; Senate Committee on Finance; Senate Committee on the Budget; Senate Committee on the Judiciary; United States Senate Caucus on International Narcotics Control,"$8,311,113",2031-01-03,Active Member
B001261,John Barrasso,Senate,Republican,WY,Unknown,2025-01-03,74,1952-07-21,"Doctor of Medicine (M.D.), Georgetown University School of Medicine",Orthopedic surgeon and President of the Wyoming Medical Society,658939.0,658939.0,Individual/PAC contributions,"Energy independence and fossil fuel production, Healthcare reform and opposition to the Affordable Care Act, Fiscal conservatism and reducing federal spending",DW-NOMINATE: +0.54 (Solidly Conservative) • ~96% Party Loyalty,Senate Committee on Energy and Natural Resources (Subcommittee); Senate Committee on Energy and Natural Resources; Senate Committee on Finance; Senate Committee on Foreign Relations,"$6,137,509",2031-01-03,Active Member
W000437,Roger Wicker,Senate,Republican,MS,Unknown,2025-01-03,75,1951-07-05,"Juris Doctor (J.D.), University of Mississippi School of Law",Attorney in private practice and U.S. Air Force Judge Advocate General's (JAG) Corps officer,286732.42,828009.14,Individual/PAC contributions,"National Defense and Military Readiness, Infrastructure and Telecommunications Development, Economic Growth and Job Creation",DW-NOMINATE: +0.38 (Moderate Republican) • ~91% Party Loyalty,"Commission on Security and Cooperation in Europe; Senate Committee on Armed Services (Subcommittee); Senate Committee on Environment and Public Works (Subcommittee); Senate Committee on Armed Services; Senate Committee on Commerce, Science, and Transportation; Senate Committee on Environment and Public Works; Senate Committee on Rules and Administration; Senate Select Committee on Intelligence","$299,508",2031-01-03,Active Member
C001035,Susan Collins,Senate,Republican,ME,Unknown,2021-01-03,73,1952-12-07,"Bachelor of Arts in Government, Bowdoin College",Congressional staffer and state government administrator,1721825.0,1621475.0,Individual/PAC contributions,"Healthcare and medical research, Bipartisan compromise and government oversight, National security and homeland security",DW-NOMINATE: +0.12 (Moderate Republican) • ~83% Party Loyalty,"Senate Committee on Appropriations (Subcommittee); Senate Committee on Health, Education, Labor, and Pensions (Subcommittee); Senate Committee on Appropriations; Senate Committee on Health, Education, Labor, and Pensions; Senate Select Committee on Intelligence","$205,002",2027-01-03,Active Member
C001056,John Cornyn,Senate,Republican,TX,Unknown,2021-01-03,74,1952-02-02,"Master of Laws (LL.M.), University of Virginia School of Law",Attorney in private practice,14261513.59,14352854.31,Individual/PAC contributions,"Border security and immigration enforcement, Judicial nominations and constitutional conservatism, National security and defense",DW-NOMINATE: +0.47 (Solidly Conservative) • ~94% Party Loyalty,Joint Committee on Taxation; Senate Committee on Finance; Senate Committee on Foreign Relations; Senate Committee on the Budget; Senate Committee on the Judiciary; Senate Select Committee on Intelligence; United States Senate Caucus on International Narcotics Control,"$423,510",2027-01-03,Defeated in 2026 Primary
D000563,Richard Durbin,Senate,Democrat,IL,Unknown,2021-01-03,81,1944-11-21,Juris Doctor (J.D.) from Georgetown University Law Center,Attorney in private practice and legal counsel to state government officials,2377381.05,2452334.88,Individual/PAC contributions,"Criminal justice reform, Immigration reform and the DREAM Act, Healthcare access and consumer protection",DW-NOMINATE: -0.34 (Moderate Democrat) • ~90% Party Loyalty,"Senate Committee on Appropriations (Subcommittee); Senate Committee on Agriculture, Nutrition, and Forestry; Senate Committee on Appropriations; Senate Committee on the Judiciary",N/A (No net worth disclosure provided in sources),2027-01-03,Active Member
M000355,Mitch McConnell,Senate,Republican,KY,Unknown,2021-01-03,84,1942-02-20,Juris Doctor (J.D.) from the University of Kentucky College of Law,"Attorney, Congressional Staffer, and Deputy Assistant Attorney General",248495.0,35909.0,Individual/PAC contributions,"Judicial appointments and conservative court confirmations, Fiscal conservatism and tax reform, National security and foreign defense",DW-NOMINATE: +0.40 (Solidly Conservative) • ~92% Party Loyalty,"Joint Committee of Congress on the Library; Joint Committee on Printing; Senate Committee on Appropriations (Subcommittee); Senate Committee on Agriculture, Nutrition, and Forestry; Senate Committee on Appropriations; Senate Committee on Rules and Administration","$27,306,524",2027-01-03,Retiring in 2026
M001176,Jeff Merkley,Senate,Democrat,OR,Unknown,2021-01-03,69,1956-10-24,Unknown,Public service,7893849.32,4871006.77,Individual/PAC contributions,General legislative priorities,DW-NOMINATE: -0.45 (Solidly Progressive) • ~93% Party Loyalty,Joint Committee on Printing; Senate Committee on Appropriations (Subcommittee); Senate Committee on Environment and Public Works (Subcommittee); Senate Committee on Appropriations; Senate Committee on Environment and Public Works; Senate Committee on Foreign Relations; Senate Committee on Rules and Administration; Senate Committee on the Budget,"$1,900,511",2027-01-03,Active Member
R000122,John Reed,Senate,Democrat,RI,Unknown,2021-01-03,76,1949-11-12,Juris Doctor (J.D.) from Harvard Law School,U.S. Army Officer and Attorney,4214314.74,2580940.81,Individual/PAC contributions,"National Security and Defense, Education and Student Loan Reform, Financial Regulation and Consumer Protection",DW-NOMINATE: -0.36 (Moderate Democrat) • ~90% Party Loyalty,"Senate Committee on Appropriations (Subcommittee); Senate Committee on Armed Services (Subcommittee); Senate Committee on Banking, Housing, and Urban Affairs (Subcommittee); Senate Committee on Appropriations; Senate Committee on Armed Services; Senate Committee on Banking, Housing, and Urban Affairs; Senate Select Committee on Intelligence",N/A (No net worth disclosure provided in sources),2027-01-03,Active Member
R000584,James Risch,Senate,Republican,ID,Unknown,2021-01-03,83,1943-05-03,"Juris Doctor (J.D.), University of Idaho College of Law",Prosecuting Attorney and Rancher,4431093.48,3089996.46,Individual/PAC contributions,"Foreign Relations and National Security, Energy and Natural Resources, Fiscal Responsibility and Small Business Support",DW-NOMINATE: +0.55 (Solidly Conservative) • ~96% Party Loyalty,Senate Committee on Energy and Natural Resources (Subcommittee); Senate Committee on Energy and Natural Resources; Senate Committee on Foreign Relations; Senate Committee on Small Business and Entrepreneurship; Senate Select Committee on Ethics; Senate Select Committee on Intelligence; United States Senate Caucus on International Narcotics Control,"$53,385,526",2027-01-03,Active Member
S001181,Jeanne Shaheen,Senate,Democrat,NH,Unknown,2021-01-03,79,1947-01-28,Master of Science in Library Science from Syracuse University,High school teacher and small business owner,2668037.98,2914576.92,Individual/PAC contributions,"Healthcare access and reproductive rights, Small business support and economic development, Foreign relations and national security",DW-NOMINATE: -0.22 (Moderate Democrat) • ~86% Party Loyalty,Commission on Security and Cooperation in Europe; Senate Committee on Appropriations (Subcommittee); Senate Committee on Armed Services (Subcommittee); Senate Committee on Appropriations; Senate Committee on Armed Services; Senate Committee on Foreign Relations; Senate Committee on Small Business and Entrepreneurship; Senate Select Committee on Ethics,"$3,457,871",2027-01-03,Retiring in 2026
W000805,Mark Warner,Senate,Democrat,VA,Unknown,2021-01-03,71,1954-12-15,Juris Doctor (J.D.) from Harvard Law School,Venture capitalist and telecommunications entrepreneur,11634126.0,11611984.0,Individual/PAC contributions,"Cybersecurity and technology policy, National security and intelligence, Fiscal responsibility and economic growth",DW-NOMINATE: -0.22 (Moderate Democrat) • ~86% Party Loyalty,"Senate Committee on Banking, Housing, and Urban Affairs (Subcommittee); Senate Committee on Banking, Housing, and Urban Affairs; Senate Committee on Finance; Senate Committee on Rules and Administration; Senate Committee on the Budget; Senate Select Committee on Intelligence","$228,129,609",2027-01-03,Active Member
G000555,Kirsten Gillibrand,Senate,Democrat,NY,Unknown,2025-01-03,59,1966-12-09,"Juris Doctor (J.D.) from the University of California, Los Angeles (UCLA) School of Law",Attorney in private practice and public service,4649656.96,4489397.18,Individual/PAC contributions,"Combating sexual assault in the military and on college campuses, Paid family and medical leave advocacy, Healthcare access and 9/11 first responder benefits",DW-NOMINATE: -0.45 (Solidly Progressive) • ~93% Party Loyalty,Senate Committee on Appropriations (Subcommittee); Senate Committee on Armed Services (Subcommittee); Senate Committee on Appropriations; Senate Committee on Armed Services; Senate Select Committee on Intelligence; Senate Special Committee on Aging,"$102,003",2031-01-03,Active Member
C001088,Christopher Coons,Senate,Democrat,DE,Unknown,2021-01-03,62,1963-09-09,Juris Doctor (J.D.) from Yale Law School,Corporate Attorney at W. L. Gore & Associates,6669193.85,3804022.62,Individual/PAC contributions,"Foreign Relations and Global Development, Intellectual Property and Patent Reform, Bipartisan Climate and Environmental Solutions",DW-NOMINATE: -0.24 (Moderate Democrat) • ~87% Party Loyalty,Senate Committee on Appropriations (Subcommittee); Senate Committee on Appropriations; Senate Committee on Foreign Relations; Senate Committee on Small Business and Entrepreneurship; Senate Committee on the Judiciary; Senate Select Committee on Ethics,N/A (No net worth disclosure provided in sources),2027-01-03,Active Member
B001230,Tammy Baldwin,Senate,Democrat,WI,Unknown,2025-01-03,64,1962-02-11,Unknown,Public service,1197113.57,1084310.9,Individual/PAC contributions,General legislative priorities,DW-NOMINATE: -0.48 (Solidly Progressive) • ~94% Party Loyalty,"Senate Committee on Appropriations (Subcommittee); Senate Committee on Health, Education, Labor, and Pensions (Subcommittee); Senate Committee on Appropriations; Senate Committee on Commerce, Science, and Transportation; Senate Committee on Health, Education, Labor, and Pensions","$758,501",2031-01-03,Active Member
B001267,Michael Bennet,Senate,Democrat,CO,Unknown,2023-01-03,61,1964-11-28,Juris Doctor (J.D.) from Yale Law School,"Superintendent of Denver Public Schools, Managing Director at Anschutz Investment Company, and Attorney",1395302.92,1934336.37,Individual/PAC contributions,"Education reform and modernization, Child poverty reduction (including the expanded Child Tax Credit), Environmental conservation, public lands protection, and climate change mitigation",DW-NOMINATE: -0.25 (Moderate Democrat) • ~87% Party Loyalty,"Senate Committee on Agriculture, Nutrition, and Forestry; Senate Committee on Finance; Senate Committee on Rules and Administration; Senate Select Committee on Intelligence","$12,108,015",2029-01-03,Active Member
B001243,Marsha Blackburn,Senate,Republican,TN,Unknown,2025-01-03,74,1952-06-06,"Bachelor of Science in Home Economics, Mississippi State University",Marketing consultant and businesswoman (Founder of Marketing Strategies),2239550.04,1550219.15,Individual/PAC contributions,"Fiscal conservatism and tax cuts, Border security and immigration enforcement, Technology regulation, online privacy, and child safety",DW-NOMINATE: +0.63 (Solidly Conservative) • ~98% Party Loyalty,"Joint Economic Committee; Senate Committee on Commerce, Science, and Transportation; Senate Committee on Finance; Senate Committee on Veterans' Affairs; Senate Committee on the Judiciary","$424,510",2031-01-03,Active Member
B001277,Richard Blumenthal,Senate,Democrat,CT,Unknown,2023-01-03,80,1946-02-13,Juris Doctor (J.D.) from Yale Law School,Attorney and U.S. Attorney for the District of Connecticut,8737377.0,8718286.0,Individual/PAC contributions,"Consumer Protection, Gun Violence Prevention, Veterans' Affairs",DW-NOMINATE: -0.43 (Solidly Progressive) • ~92% Party Loyalty,Senate Committee on Armed Services (Subcommittee); Senate Committee on Homeland Security and Governmental Affairs (Subcommittee); Senate Committee on Armed Services; Senate Committee on Homeland Security and Governmental Affairs; Senate Committee on Veterans' Affairs; Senate Committee on the Judiciary; United States Senate Caucus on International Narcotics Control,"$100,190,174",2029-01-03,Active Member
B001236,John Boozman,Senate,Republican,AR,Unknown,2023-01-03,75,1950-12-10,Doctor of Optometry (O.D.) from Southern College of Optometry,Optometrist and co-founder of Boozman-Hof Regional Eye Clinic,697061.17,651065.18,Individual/PAC contributions,"Agriculture and Nutrition, Veterans' Care and Benefits, Infrastructure and Economic Development",DW-NOMINATE: +0.43 (Solidly Conservative) • ~92% Party Loyalty,"Commission on Security and Cooperation in Europe; Senate Committee on Appropriations (Subcommittee); Senate Committee on Environment and Public Works (Subcommittee); Senate Committee on Agriculture, Nutrition, and Forestry; Senate Committee on Appropriations; Senate Committee on Environment and Public Works; Senate Committee on Rules and Administration; Senate Committee on Veterans' Affairs","$2,938,504",2029-01-03,Active Member
C001047,Shelley Capito,Senate,Republican,WV,Unknown,2021-01-03,72,1953-11-26,Master of Education (M.Ed.) from the University of Virginia,"College career counselor, Director of the educational information center for the West Virginia Board of Regents",1367504.0,1288226.0,Individual/PAC contributions,"Infrastructure development and rural broadband expansion, Energy independence and supporting traditional energy industries like coal and natural gas, Combating the opioid epidemic and improving public health resources",DW-NOMINATE: +0.28 (Moderate Republican) • ~88% Party Loyalty,"Senate Committee on Appropriations (Subcommittee); Senate Committee on Environment and Public Works (Subcommittee); Senate Committee on Appropriations; Senate Committee on Commerce, Science, and Transportation; Senate Committee on Environment and Public Works; Senate Committee on Rules and Administration",N/A (No net worth disclosure provided in sources),2027-01-03,Active Member
C001075,Bill Cassidy,Senate,Republican,LA,Unknown,2021-01-03,68,1957-09-28,Unknown,Public service,627040.05,2660513.5,Individual/PAC contributions,General legislative priorities,DW-NOMINATE: +0.46 (Solidly Conservative) • ~93% Party Loyalty,"Senate Committee on Energy and Natural Resources (Subcommittee); Senate Committee on Health, Education, Labor, and Pensions (Subcommittee); Senate Committee on Energy and Natural Resources; Senate Committee on Finance; Senate Committee on Health, Education, Labor, and Pensions; Senate Committee on Veterans' Affairs",N/A (No net worth disclosure provided in sources),2027-01-03,Defeated in 2026 Primary
C000880,Michael Crapo,Senate,Republican,ID,Unknown,2023-01-03,75,1951-05-20,Juris Doctor (J.D.) from Harvard Law School,Attorney in private practice,2222161.6,1618565.4,Individual/PAC contributions,"Fiscal conservatism and tax reform, Financial sector regulation and banking reform, Natural resources and collaborative conservation",DW-NOMINATE: +0.51 (Solidly Conservative) • ~95% Party Loyalty,"Joint Committee on Taxation; Senate Committee on Banking, Housing, and Urban Affairs (Subcommittee); Senate Committee on Banking, Housing, and Urban Affairs; Senate Committee on Finance; Senate Committee on the Budget",N/A (No net worth disclosure provided in sources),2029-01-03,Active Member
G000386,Charles Grassley,Senate,Republican,IA,Unknown,2023-01-03,92,1933-09-17,"Master of Arts (M.A.) in Political Science, University of Northern Iowa",Farmer and factory worker (sheet metal shearer),1098150.95,1179361.69,Individual/PAC contributions,"Government oversight and whistleblower protection, Agriculture and rural development, Judiciary and tax reform",DW-NOMINATE: +0.36 (Moderate Republican) • ~90% Party Loyalty,"Joint Committee on Taxation; Senate Committee on Agriculture, Nutrition, and Forestry; Senate Committee on Finance; Senate Committee on the Budget; Senate Committee on the Judiciary; United States Senate Caucus on International Narcotics Control",N/A (No net worth disclosure provided in sources),2029-01-03,Active Member
H001046,Martin Heinrich,Senate,Democrat,NM,Unknown,2025-01-03,54,1971-10-17,Unknown,Public service,2792508.54,2770752.23,Individual/PAC contributions,General legislative priorities,DW-NOMINATE: -0.33 (Moderate Democrat) • ~89% Party Loyalty,Joint Economic Committee; Senate Committee on Appropriations (Subcommittee); Senate Committee on Energy and Natural Resources (Subcommittee); Senate Committee on Appropriations; Senate Committee on Energy and Natural Resources; Senate Select Committee on Intelligence,"$53,008",2031-01-03,Active Member
H001042,Mazie Hirono,Senate,Democrat,HI,Unknown,2025-01-03,78,1947-11-03,Juris Doctor (J.D.) from Georgetown University Law Center,Attorney in private practice,992526.31,1102377.06,Individual/PAC contributions,"Healthcare access and reproductive rights, Education and early childhood development, Immigration reform and civil rights",DW-NOMINATE: -0.51 (Solidly Progressive) • ~95% Party Loyalty,Senate Committee on Armed Services (Subcommittee); Senate Committee on Energy and Natural Resources (Subcommittee); Senate Committee on Armed Services; Senate Committee on Energy and Natural Resources; Senate Committee on Small Business and Entrepreneurship; Senate Committee on Veterans' Affairs; Senate Committee on the Judiciary,"$2,478,018",2031-01-03,Active Member
H001061,John Hoeven,Senate,Republican,ND,Unknown,2023-01-03,69,1957-03-13,Unknown,Public service,3801481.0,2909158.0,Individual/PAC contributions,General legislative priorities,DW-NOMINATE: +0.40 (Solidly Conservative) • ~92% Party Loyalty,"Senate Committee on Appropriations (Subcommittee); Senate Committee on Energy and Natural Resources (Subcommittee); Senate Committee on Agriculture, Nutrition, and Forestry; Senate Committee on Appropriations; Senate Committee on Energy and Natural Resources; Senate Committee on Indian Affairs","$22,073,031",2029-01-03,Active Member
J000293,Ron Johnson,Senate,Republican,WI,Unknown,2023-01-03,71,1955-04-08,"Bachelor of Business Administration, University of Minnesota",Business executive and accountant (CEO of plastics manufacturing company PACUR),Unknown,Unknown,Individual/PAC contributions,"Fiscal responsibility and reducing the national debt, Government oversight and investigations, National security and border enforcement",DW-NOMINATE: +0.65 (Solidly Conservative) • ~99% Party Loyalty,Senate Committee on Homeland Security and Governmental Affairs (Subcommittee); Senate Committee on Finance; Senate Committee on Homeland Security and Governmental Affairs; Senate Committee on the Budget; Senate Special Committee on Aging,"$23,755,008",2029-01-03,Active Member
L000575,James Lankford,Senate,Republican,OK,Unknown,2023-01-03,58,1968-03-04,Master of Divinity (M.Div.) from Southwestern Baptist Theological Seminary,Director of Falls Creek Youth Camp and Southern Baptist minister,1155958.56,815426.72,Individual/PAC contributions,"Fiscal responsibility and government waste oversight, Border security and immigration reform, Religious liberty",DW-NOMINATE: +0.59 (Solidly Conservative) • ~97% Party Loyalty,Senate Committee on Homeland Security and Governmental Affairs (Subcommittee); Senate Committee on Finance; Senate Committee on Homeland Security and Governmental Affairs; Senate Select Committee on Ethics; Senate Select Committee on Intelligence,N/A (No net worth disclosure provided in sources),2029-01-03,Active Member
L000577,Mike Lee,Senate,Republican,UT,Unknown,2023-01-03,55,1971-06-04,Juris Doctor (J.D.) from Brigham Young University J. Reuben Clark Law School,"Attorney (including private practice, Assistant U.S. Attorney, and judicial law clerk)",Unknown,Unknown,Individual/PAC contributions,"Constitutional conservatism and originalism, Fiscal responsibility and federal spending reduction, Regulatory reform and federalism",DW-NOMINATE: +0.89 (Solidly Conservative) • ~99% Party Loyalty,Senate Committee on Energy and Natural Resources (Subcommittee); Senate Committee on Energy and Natural Resources; Senate Committee on Foreign Relations; Senate Committee on the Budget; Senate Committee on the Judiciary,"$111,002",2029-01-03,Active Member
L000570,Ben Luján,Senate,Democrat,NM,Unknown,2021-01-03,54,1972-06-07,"Bachelor of Business Administration (B.B.A.), New Mexico Highlands University","Financial Analyst, Deputy State Treasurer",Unknown,Unknown,Individual/PAC contributions,"Healthcare access and affordability, Clean energy and environmental protection, Broadband expansion and telecommunications",DW-NOMINATE: -0.38 (Moderate Democrat) • ~91% Party Loyalty,"Senate Committee on Agriculture, Nutrition, and Forestry; Senate Committee on Commerce, Science, and Transportation; Senate Committee on Finance; Senate Committee on Indian Affairs; Senate Committee on the Budget; United States Senate Caucus on International Narcotics Control",N/A (No net worth disclosure provided in sources),2027-01-03,Active Member
M000133,Edward Markey,Senate,Democrat,MA,Unknown,2021-01-03,80,1946-07-11,Juris Doctor (J.D.) from Boston College Law School,Attorney,1091666.32,1110491.92,Individual/PAC contributions,"Climate change and environmental policy (co-author of the Green New Deal), Telecommunications, technology, and digital privacy, Consumer protection and clean energy",DW-NOMINATE: -0.52 (Solidly Progressive) • ~95% Party Loyalty,"Senate Committee on Environment and Public Works (Subcommittee); Senate Committee on Health, Education, Labor, and Pensions (Subcommittee); Senate Committee on Commerce, Science, and Transportation; Senate Committee on Environment and Public Works; Senate Committee on Health, Education, Labor, and Pensions; Senate Committee on Small Business and Entrepreneurship","$1,503,012",2027-01-03,Active Member
M000934,Jerry Moran,Senate,Republican,KS,Unknown,2023-01-03,72,1954-05-29,"Juris Doctor (J.D.), University of Kansas School of Law","Private practice attorney, Rooks County Attorney",Unknown,Unknown,Individual/PAC contributions,"Agriculture and rural development, Veterans' affairs, Rural healthcare access",DW-NOMINATE: +0.41 (Solidly Conservative) • ~92% Party Loyalty,"Senate Committee on Appropriations (Subcommittee); Senate Committee on Agriculture, Nutrition, and Forestry; Senate Committee on Appropriations; Senate Committee on Commerce, Science, and Transportation; Senate Committee on Indian Affairs; Senate Committee on Veterans' Affairs; Senate Select Committee on Intelligence","$777,009",2029-01-03,Active Member
M001153,Lisa Murkowski,Senate,Republican,AK,Unknown,2023-01-03,69,1957-05-22,Juris Doctor (J.D.) from Willamette University College of Law,Attorney in private practice,Unknown,Unknown,Individual/PAC contributions,"Energy and Natural Resources, Arctic Development and Security, Healthcare and Bipartisan Infrastructure",DW-NOMINATE: +0.20 (Moderate Republican) • ~86% Party Loyalty,"Senate Committee on Appropriations (Subcommittee); Senate Committee on Energy and Natural Resources (Subcommittee); Senate Committee on Health, Education, Labor, and Pensions (Subcommittee); Senate Committee on Appropriations; Senate Committee on Energy and Natural Resources; Senate Committee on Health, Education, Labor, and Pensions; Senate Committee on Indian Affairs","$713,520",2029-01-03,Active Member
M001169,Christopher Murphy,Senate,Democrat,CT,Unknown,2025-01-03,53,1973-08-03,Juris Doctor (J.D.) from the University of Connecticut School of Law,Attorney,86873.39,117046.79,Individual/PAC contributions,"Gun violence prevention, Foreign policy and national security, Healthcare reform and mental health advocacy",DW-NOMINATE: -0.29 (Moderate Democrat) • ~88% Party Loyalty,"Senate Committee on Appropriations (Subcommittee); Senate Committee on Health, Education, Labor, and Pensions (Subcommittee); Senate Committee on Appropriations; Senate Committee on Foreign Relations; Senate Committee on Health, Education, Labor, and Pensions","$7,502",2031-01-03,Active Member
M001111,Patty Murray,Senate,Democrat,WA,Unknown,2023-01-03,75,1950-10-11,"Bachelor of Arts in Physical Education, Washington State University",Preschool teacher and parenting education instructor,Unknown,Unknown,Individual/PAC contributions,"Education and affordable child care, Healthcare access and reproductive rights, Federal budget, appropriations, and economic security",DW-NOMINATE: -0.36 (Moderate Democrat) • ~90% Party Loyalty,"Senate Committee on Appropriations (Subcommittee); Senate Committee on Health, Education, Labor, and Pensions (Subcommittee); Senate Committee on Appropriations; Senate Committee on Health, Education, Labor, and Pensions; Senate Committee on Veterans' Affairs; Senate Committee on the Budget","$674,508",2029-01-03,Active Member
P000603,Rand Paul,Senate,Republican,KY,Unknown,2023-01-03,63,1963-01-07,"M.D., Duke University School of Medicine",Ophthalmologist,Unknown,Unknown,Individual/PAC contributions,"Fiscal conservatism and federal debt reduction, Protection of civil liberties and privacy rights, Non-interventionist foreign policy",DW-NOMINATE: +0.88 (Solidly Conservative) • ~99% Party Loyalty,"Senate Committee on Homeland Security and Governmental Affairs (Subcommittee); Senate Committee on Health, Education, Labor, and Pensions (Subcommittee); Senate Committee on Foreign Relations; Senate Committee on Health, Education, Labor, and Pensions; Senate Committee on Homeland Security and Governmental Affairs; Senate Committee on Small Business and Entrepreneurship","$864,012",2029-01-03,Active Member
P000595,Gary Peters,Senate,Democrat,MI,Unknown,2021-01-03,67,1958-12-01,Unknown,Public service,Unknown,Unknown,Individual/PAC contributions,General legislative priorities,DW-NOMINATE: -0.25 (Moderate Democrat) • ~87% Party Loyalty,"Senate Committee on Appropriations (Subcommittee); Senate Committee on Armed Services (Subcommittee); Senate Committee on Homeland Security and Governmental Affairs (Subcommittee); Senate Committee on Appropriations; Senate Committee on Armed Services; Senate Committee on Commerce, Science, and Transportation; Senate Committee on Homeland Security and Governmental Affairs","$2,562,581",2027-01-03,Retiring in 2026
S001150,Adam Schiff,Senate,Democrat,CA,Unknown,2025-01-03,66,1960-06-22,Juris Doctor (J.D.) from Harvard Law School,Assistant U.S. Attorney (Federal Prosecutor),Unknown,Unknown,Individual/PAC contributions,"Protecting democratic institutions and the rule of law, National security and foreign policy, Affordable housing and addressing homelessness",DW-NOMINATE: -0.35 (Moderate Democrat) • ~90% Party Loyalty,"Senate Committee on Environment and Public Works (Subcommittee); Senate Committee on Agriculture, Nutrition, and Forestry; Senate Committee on Environment and Public Works; Senate Committee on Small Business and Entrepreneurship; Senate Committee on the Judiciary","$1,024,016",2031-01-03,Active Member
S000148,Charles Schumer,Senate,Democrat,NY,Unknown,2023-01-03,75,1950-11-23,Unknown,Public service,Unknown,Unknown,Individual/PAC contributions,General legislative priorities,DW-NOMINATE: -0.35 (Moderate Democrat) • ~90% Party Loyalty,Senate Committee on Rules and Administration; Senate Select Committee on Intelligence,"$150,000 - $2,500,000 (Based on 2023 disclosure)",2029-01-03,Active Member
S001184,Tim Scott,Senate,Republican,SC,Unknown,2023-01-03,60,1965-09-19,"Bachelor of Science in Political Science, Charleston Southern University",Insurance agency owner and financial advisor,Unknown,Unknown,Individual/PAC contributions,"Opportunity Zones and economic development in distressed communities, School choice and education reform, Tax reform and fiscal conservatism",DW-NOMINATE: +0.63 (Solidly Conservative) • ~98% Party Loyalty,"Senate Committee on Banking, Housing, and Urban Affairs (Subcommittee); Senate Committee on Health, Education, Labor, and Pensions (Subcommittee); Senate Committee on Banking, Housing, and Urban Affairs; Senate Committee on Finance; Senate Committee on Health, Education, Labor, and Pensions; Senate Committee on Small Business and Entrepreneurship","$3,598,007",2029-01-03,Active Member
T000250,John Thune,Senate,Republican,SD,Unknown,2023-01-03,65,1961-01-07,Unknown,Public service,20105400.0,7534224.19,"Finance, insurance, private equity (Blackstone)","Filibuster preservation, domestic energy production, agricultural support, tax reform",DW-NOMINATE: +0.43 (Solidly Conservative) • ~92% Party Loyalty,"Senate Committee on Agriculture, Nutrition, and Forestry; Senate Committee on Commerce, Science, and Transportation; Senate Committee on Finance; Senate Select Committee on Intelligence","$345,008 (historical average) / $18.5M cash on hand",2029-01-03,Active Member
V000128,Chris Van Hollen,Senate,Democrat,MD,Unknown,2023-01-03,67,1959-01-10,Juris Doctor (J.D.) from Georgetown University Law Center,Attorney and legislative assistant,Unknown,Unknown,Individual/PAC contributions,"Education funding and reform, Environmental protection and climate action, Economic opportunity and progressive tax reform",DW-NOMINATE: -0.40 (Moderate Democrat) • ~91% Party Loyalty,"Senate Committee on Appropriations (Subcommittee); Senate Committee on Banking, Housing, and Urban Affairs (Subcommittee); Senate Committee on Appropriations; Senate Committee on Banking, Housing, and Urban Affairs; Senate Committee on Foreign Relations; Senate Committee on the Budget",N/A (No net worth disclosure provided in sources),2029-01-03,Active Member
W000800,Peter Welch,Senate,Democrat,VT,Unknown,2023-01-03,79,1947-05-02,"Juris Doctor (J.D.) from the University of California, Berkeley School of Law",Attorney and public defender,Unknown,Unknown,Individual/PAC contributions,"Healthcare reform and lowering prescription drug costs, Climate change mitigation and renewable energy expansion, Consumer protection and economic affordability",DW-NOMINATE: -0.40 (Moderate Democrat) • ~92% Party Loyalty,"Senate Committee on Agriculture, Nutrition, and Forestry; Senate Committee on Finance; Senate Committee on Rules and Administration; Senate Committee on the Judiciary","$4,602,548",2029-01-03,Active Member
W000779,Ron Wyden,Senate,Democrat,OR,Unknown,2023-01-03,77,1949-05-03,Juris Doctor (J.D.) from the University of Oregon School of Law,"Elderly rights advocate, co-founder of the Oregon Gray Panthers, and director of Oregon Legal Services for the Elderly",7554494.0,7109278.0,Individual/PAC contributions,"Digital privacy and technology policy, Healthcare reform and prescription drug pricing, Tax code reform and economic policy",DW-NOMINATE: -0.34 (Moderate Democrat) • ~90% Party Loyalty,Joint Committee on Taxation; Senate Committee on Energy and Natural Resources (Subcommittee); Senate Committee on Energy and Natural Resources; Senate Committee on Finance; Senate Committee on the Budget; Senate Select Committee on Intelligence,"$38,370,525",2029-01-03,Active Member
Y000064,Todd Young,Senate,Republican,IN,Unknown,2023-01-03,53,1972-08-24,Juris Doctor (J.D.) from Indiana University Robert H. McKinney School of Law,U.S. Marine Corps Officer and Attorney,Unknown,Unknown,Individual/PAC contributions,"National Security and Foreign Policy, Economic Growth and Workforce Development, Technology and Innovation",DW-NOMINATE: +0.44 (Solidly Conservative) • ~93% Party Loyalty,"Senate Committee on Commerce, Science, and Transportation; Senate Committee on Finance; Senate Committee on Small Business and Entrepreneurship; Senate Select Committee on Intelligence",N/A (No net worth disclosure provided in sources),2029-01-03,Active Member
S001194,Brian Schatz,Senate,Democrat,HI,Unknown,2023-01-03,53,1972-10-20,"Bachelor of Arts in Philosophy, Pomona College",Nonprofit director and teacher,Unknown,Unknown,Individual/PAC contributions,"Climate change and clean energy, Healthcare access, Native Hawaiian affairs",DW-NOMINATE: -0.44 (Solidly Progressive) • ~93% Party Loyalty,"Senate Committee on Appropriations (Subcommittee); Senate Committee on Appropriations; Senate Committee on Commerce, Science, and Transportation; Senate Committee on Foreign Relations; Senate Committee on Indian Affairs; Senate Select Committee on Ethics",N/A (No net worth disclosure provided in sources),2029-01-03,Active Member
C001095,Tom Cotton,Senate,Republican,AR,Unknown,2021-01-03,49,1977-05-13,Juris Doctor (J.D.) from Harvard Law School,"U.S. Army Officer, Attorney, Management Consultant",Unknown,Unknown,Individual/PAC contributions,"National Security and Foreign Policy, Immigration Enforcement and Border Security, Law Enforcement and Criminal Justice",DW-NOMINATE: +0.58 (Solidly Conservative) • ~97% Party Loyalty,Joint Economic Committee; Senate Committee on Armed Services (Subcommittee); Senate Committee on Energy and Natural Resources (Subcommittee); Senate Committee on Armed Services; Senate Committee on Energy and Natural Resources; Senate Select Committee on Intelligence,N/A (No net worth disclosure provided in sources),2027-01-03,Active Member
D000622,Tammy Duckworth,Senate,Democrat,IL,Unknown,2023-01-03,58,1968-03-12,Unknown,Public service,Unknown,Unknown,Individual/PAC contributions,General legislative priorities,DW-NOMINATE: -0.35 (Moderate Democrat) • ~90% Party Loyalty,"Senate Committee on Armed Services (Subcommittee); Senate Committee on Armed Services; Senate Committee on Commerce, Science, and Transportation; Senate Committee on Foreign Relations; Senate Committee on Veterans' Affairs","$471,022",2029-01-03,Active Member
W000817,Elizabeth Warren,Senate,Democrat,MA,Unknown,2025-01-03,77,1949-06-22,"J.D., Rutgers Law School",Law Professor and Consumer Protection Advocate,Unknown,Unknown,Individual/PAC contributions,"Consumer protection and financial system reform, Economic inequality and wealth tax implementation, Healthcare access and affordability",DW-NOMINATE: -0.74 (Solidly Progressive) • ~99% Party Loyalty,"Senate Committee on Armed Services (Subcommittee); Senate Committee on Banking, Housing, and Urban Affairs (Subcommittee); Senate Committee on Armed Services; Senate Committee on Banking, Housing, and Urban Affairs; Senate Committee on Finance; Senate Special Committee on Aging","$9,652,512",2031-01-03,Active Member
K000383,Angus King,Senate,Independent,ME,Unknown,2025-01-03,82,1944-03-31,Juris Doctor (J.D.) from the University of Virginia School of Law,Attorney and energy conservation entrepreneur,Unknown,Unknown,Individual/PAC contributions,"Climate change and renewable energy, National security and intelligence, Rural broadband and infrastructure expansion",DW-NOMINATE: -0.17 (Moderate Democrat) • ~85% Party Loyalty,Senate Committee on Armed Services (Subcommittee); Senate Committee on Energy and Natural Resources (Subcommittee); Senate Committee on Armed Services; Senate Committee on Energy and Natural Resources; Senate Committee on Veterans' Affairs; Senate Select Committee on Intelligence,"$16,023,078",2031-01-03,Active Member
D000618,Steve Daines,Senate,Republican,MT,Unknown,2021-01-03,63,1962-08-20,"Bachelor of Science in Chemical Engineering, Montana State University",Business executive at Procter & Gamble and RightNow Technologies,1830490.65,2021595.6,Individual/PAC contributions,"Energy and natural resources development, Public lands and conservation, Economic growth and job creation",DW-NOMINATE: +0.59 (Solidly Conservative) • ~97% Party Loyalty,Senate Committee on Energy and Natural Resources (Subcommittee); Senate Committee on Energy and Natural Resources; Senate Committee on Finance; Senate Committee on Foreign Relations; Senate Committee on Indian Affairs,"$13,847,505",2027-01-03,Retiring in 2026
C001096,Kevin Cramer,Senate,Republican,ND,Unknown,2025-01-03,65,1961-01-21,"Master of Arts in Management, University of Mary","State Tourism Director, Economic Development Director, Political Campaign and Party Administrator",Unknown,Unknown,Individual/PAC contributions,"Energy Independence and Deregulation, Agricultural Support and Trade, National Defense and Military Infrastructure",DW-NOMINATE: +0.40 (Solidly Conservative) • ~92% Party Loyalty,"Senate Committee on Armed Services (Subcommittee); Senate Committee on Banking, Housing, and Urban Affairs (Subcommittee); Senate Committee on Environment and Public Works (Subcommittee); Senate Committee on Armed Services; Senate Committee on Banking, Housing, and Urban Affairs; Senate Committee on Environment and Public Works; Senate Committee on Veterans' Affairs",N/A (No net worth disclosure provided in sources),2031-01-03,Active Member
F000463,Deb Fischer,Senate,Republican,NE,Unknown,2025-01-03,75,1951-03-01,"Bachelor of Science in Education, University of Nebraska-Lincoln",Rancher and co-owner of Sunny Slope Ranch,Unknown,Unknown,Individual/PAC contributions,"Agriculture and Rural Development, National Defense and Military Readiness, Infrastructure and Transportation",DW-NOMINATE: +0.46 (Solidly Conservative) • ~93% Party Loyalty,"Joint Committee of Congress on the Library; Joint Committee on Printing; Senate Committee on Appropriations (Subcommittee); Senate Committee on Armed Services (Subcommittee); Senate Committee on Agriculture, Nutrition, and Forestry; Senate Committee on Appropriations; Senate Committee on Armed Services; Senate Committee on Commerce, Science, and Transportation; Senate Committee on Rules and Administration; Senate Select Committee on Ethics","$323,501",2031-01-03,Active Member
C001098,Ted Cruz,Senate,Republican,TX,Unknown,2025-01-03,55,1970-12-22,Juris Doctor (J.D.) from Harvard Law School,Attorney and Solicitor General of Texas,Unknown,Unknown,Individual/PAC contributions,"Constitutional conservatism and judicial appointments, Economic deregulation and tax reform, Border security and immigration enforcement",DW-NOMINATE: +0.78 (Solidly Conservative) • ~99% Party Loyalty,"Senate Committee on Commerce, Science, and Transportation; Senate Committee on Foreign Relations; Senate Committee on Rules and Administration; Senate Committee on the Judiciary","$1,661,021",2031-01-03,Active Member
K000384,Timothy Kaine,Senate,Democrat,VA,Unknown,2025-01-03,68,1958-02-26,Juris Doctor (J.D.) from Harvard Law School,Civil rights attorney and law professor,Unknown,Unknown,Individual/PAC contributions,"Healthcare access and affordability, Education and job training, National security and foreign policy",DW-NOMINATE: -0.23 (Moderate Democrat) • ~86% Party Loyalty,"Senate Committee on Armed Services (Subcommittee); Senate Committee on Health, Education, Labor, and Pensions (Subcommittee); Senate Committee on Armed Services; Senate Committee on Foreign Relations; Senate Committee on Health, Education, Labor, and Pensions; Senate Committee on the Budget",N/A (No net worth disclosure provided in sources),2031-01-03,Active Member
B001288,Cory Booker,Senate,Democrat,NJ,Unknown,2021-01-03,57,1969-04-27,Juris Doctor (JD) from Yale Law School,Staff Attorney at the Urban Justice Center and Community Organizer,Unknown,Unknown,Individual/PAC contributions,"Criminal justice reform, Economic inequality and social justice, Healthcare access and reform",DW-NOMINATE: -0.55 (Solidly Progressive) • ~96% Party Loyalty,"Senate Committee on Agriculture, Nutrition, and Forestry; Senate Committee on Foreign Relations; Senate Committee on Small Business and Entrepreneurship; Senate Committee on the Judiciary",N/A (No net worth disclosure provided in sources),2027-01-03,Active Member
G000574,Ruben Gallego,Senate,Democrat,AZ,Unknown,2025-01-03,46,1979-11-20,"Bachelor of Arts in International Relations, Harvard University",U.S. Marine Corps infantryman and public affairs consultant,Unknown,Unknown,Individual/PAC contributions,"Veterans' affairs and healthcare, Immigration reform and border security, Economic opportunity and working-class advocacy",DW-NOMINATE: -0.36 (Moderate Democrat) • ~90% Party Loyalty,"Commission on Security and Cooperation in Europe; Senate Committee on Banking, Housing, and Urban Affairs (Subcommittee); Senate Committee on Energy and Natural Resources (Subcommittee); Senate Committee on Homeland Security and Governmental Affairs (Subcommittee); Senate Committee on Banking, Housing, and Urban Affairs; Senate Committee on Energy and Natural Resources; Senate Committee on Homeland Security and Governmental Affairs; Senate Committee on Veterans' Affairs",N/A (No net worth disclosure provided in sources),2031-01-03,Active Member
S001198,Dan Sullivan,Senate,Republican,AK,Unknown,2021-01-03,61,1964-11-13,Joint Juris Doctor (J.D.) and Master of Science in Foreign Service (MSFS) from Georgetown University,"U.S. Marine Corps Officer, Attorney in private practice",11735898.2,5172572.02,Individual/PAC contributions,"National defense and military readiness, Energy independence and natural resource development, Infrastructure and economic growth",DW-NOMINATE: +0.46 (Solidly Conservative) • ~93% Party Loyalty,"Senate Committee on Armed Services (Subcommittee); Senate Committee on Environment and Public Works (Subcommittee); Senate Committee on Armed Services; Senate Committee on Commerce, Science, and Transportation; Senate Committee on Environment and Public Works; Senate Committee on Veterans' Affairs",N/A (No net worth disclosure provided in sources),2027-01-03,Active Member
E000295,Joni Ernst,Senate,Republican,IA,Unknown,2021-01-03,56,1970-07-01,Master of Public Administration (MPA) from Columbus State University,"Iowa Army National Guard Officer, Montgomery County Auditor",Unknown,Unknown,Individual/PAC contributions,"National Defense and Military Affairs, Agriculture and Rural Development, Government Accountability and Reducing Wasteful Spending",DW-NOMINATE: +0.54 (Solidly Conservative) • ~96% Party Loyalty,"Senate Committee on Armed Services (Subcommittee); Senate Committee on Homeland Security and Governmental Affairs (Subcommittee); Senate Committee on Agriculture, Nutrition, and Forestry; Senate Committee on Armed Services; Senate Committee on Homeland Security and Governmental Affairs; Senate Committee on Small Business and Entrepreneurship",N/A (No net worth disclosure provided in sources),2027-01-03,Retiring in 2026
T000476,Thom Tillis,Senate,Republican,NC,Unknown,2021-01-03,65,1960-08-30,"Bachelor of Science in Technology Management, University of Maryland University College",Management Consultant and Partner at PricewaterhouseCoopers,Unknown,Unknown,Individual/PAC contributions,"Veterans' Affairs and Military Support, Economic Growth and Tax Reform, Intellectual Property and Patent Reform",DW-NOMINATE: +0.39 (Moderate Republican) • ~91% Party Loyalty,"Commission on Security and Cooperation in Europe; Senate Committee on Banking, Housing, and Urban Affairs (Subcommittee); Senate Committee on Banking, Housing, and Urban Affairs; Senate Committee on Finance; Senate Committee on Veterans' Affairs; Senate Committee on the Judiciary",N/A (No net worth disclosure provided in sources),2027-01-03,Retiring in 2026
R000605,Mike Rounds,Senate,Republican,SD,Unknown,2021-01-03,71,1954-10-24,"Bachelor of Science in Political Science, South Dakota State University",Insurance and real estate business owner,Unknown,Unknown,Individual/PAC contributions,"National Defense and Military Affairs, Agriculture and Rural Development, Cybersecurity and Artificial Intelligence",DW-NOMINATE: +0.35 (Moderate Republican) • ~90% Party Loyalty,"Commission on Security and Cooperation in Europe; Senate Committee on Appropriations (Subcommittee); Senate Committee on Armed Services (Subcommittee); Senate Committee on Banking, Housing, and Urban Affairs (Subcommittee); Senate Committee on Appropriations; Senate Committee on Armed Services; Senate Committee on Banking, Housing, and Urban Affairs; Senate Committee on Indian Affairs; Senate Select Committee on Intelligence",N/A (No net worth disclosure provided in sources),2027-01-03,Active Member
K000393,John Kennedy,Senate,Republican,LA,Unknown,2023-01-03,74,1951-11-21,Unknown,Public service,Unknown,Unknown,Individual/PAC contributions,General legislative priorities,DW-NOMINATE: +0.56 (Solidly Conservative) • ~96% Party Loyalty,"Senate Committee on Appropriations (Subcommittee); Senate Committee on Banking, Housing, and Urban Affairs (Subcommittee); Senate Committee on Appropriations; Senate Committee on Banking, Housing, and Urban Affairs; Senate Committee on the Budget; Senate Committee on the Judiciary",N/A (No net worth disclosure provided in sources),2029-01-03,Active Member
H001076,Margaret Hassan,Senate,Democrat,NH,Unknown,2023-01-03,68,1958-02-27,Unknown,Public service,Unknown,Unknown,Individual/PAC contributions,General legislative priorities,DW-NOMINATE: -0.23 (Moderate Democrat) • ~86% Party Loyalty,"Joint Economic Committee; Senate Committee on Homeland Security and Governmental Affairs (Subcommittee); Senate Committee on Health, Education, Labor, and Pensions (Subcommittee); Senate Committee on Finance; Senate Committee on Health, Education, Labor, and Pensions; Senate Committee on Homeland Security and Governmental Affairs; Senate Committee on Veterans' Affairs",N/A (No net worth disclosure provided in sources),2029-01-03,Active Member
C001113,Catherine Cortez Masto,Senate,Democrat,NV,Unknown,2023-01-03,62,1964-03-29,Juris Doctor (J.D.) from Gonzaga University School of Law,Attorney and prosecutor,Unknown,Unknown,Individual/PAC contributions,"Women's reproductive rights, Clean energy and environmental conservation, Affordable housing and economic security",DW-NOMINATE: -0.35 (Moderate Democrat) • ~90% Party Loyalty,"Senate Committee on Banking, Housing, and Urban Affairs (Subcommittee); Senate Committee on Energy and Natural Resources (Subcommittee); Senate Committee on Banking, Housing, and Urban Affairs; Senate Committee on Energy and Natural Resources; Senate Committee on Finance; Senate Committee on Indian Affairs",N/A (No net worth disclosure provided in sources),2029-01-03,Active Member
B001303,Lisa Blunt Rochester,Senate,Democrat,DE,Unknown,2025-01-03,64,1962-02-10,"Master of Arts in Urban Affairs and Public Policy, University of Delaware",Delaware Secretary of Labor and CEO of the Metropolitan Wilmington Urban League,Unknown,Unknown,Individual/PAC contributions,"Healthcare access and prescription drug cost reduction, Workforce development and job creation, Criminal justice reform and the Clean Slate Act",DW-NOMINATE: -0.39 (Moderate Democrat) • ~91% Party Loyalty,"Senate Committee on Banking, Housing, and Urban Affairs (Subcommittee); Senate Committee on Environment and Public Works (Subcommittee); Senate Committee on Health, Education, Labor, and Pensions (Subcommittee); Senate Committee on Banking, Housing, and Urban Affairs; Senate Committee on Commerce, Science, and Transportation; Senate Committee on Environment and Public Works; Senate Committee on Health, Education, Labor, and Pensions",N/A (No net worth disclosure provided in sources),2031-01-03,Active Member
B001299,Jim Banks,Senate,Republican,IN,Unknown,2025-01-03,47,1979-07-16,Master of Business Administration (MBA) from Grace College and Seminary,"Commercial real estate and construction business development, U.S. Navy Reserve officer",Unknown,Unknown,Individual/PAC contributions,"National defense and countering China, Fiscal conservatism and reducing government spending, Border security and immigration enforcement",DW-NOMINATE: +0.65 (Solidly Conservative) • ~99% Party Loyalty,"Senate Committee on Armed Services (Subcommittee); Senate Committee on Banking, Housing, and Urban Affairs (Subcommittee); Senate Committee on Health, Education, Labor, and Pensions (Subcommittee); Senate Committee on Armed Services; Senate Committee on Banking, Housing, and Urban Affairs; Senate Committee on Health, Education, Labor, and Pensions; Senate Committee on Veterans' Affairs",N/A (No net worth disclosure provided in sources),2031-01-03,Active Member
M001198,Roger Marshall,Senate,Republican,KS,Unknown,2021-01-03,65,1960-08-09,"Doctor of Medicine (M.D.), University of Kansas School of Medicine",Obstetrician-Gynecologist (OB/GYN),1343114.41,753188.46,Individual/PAC contributions,"Agriculture and Rural Economy, Healthcare Reform, Border Security and Immigration",DW-NOMINATE: +0.61 (Solidly Conservative) • ~98% Party Loyalty,"Senate Committee on Health, Education, Labor, and Pensions (Subcommittee); Senate Committee on Agriculture, Nutrition, and Forestry; Senate Committee on Finance; Senate Committee on Health, Education, Labor, and Pensions; Senate Committee on the Budget",N/A (No net worth disclosure provided in sources),2027-01-03,Active Member
B001305,Ted Budd,Senate,Republican,NC,Unknown,2023-01-03,54,1971-10-21,Unknown,Public service,Unknown,Unknown,Individual/PAC contributions,General legislative priorities,DW-NOMINATE: +0.63 (Solidly Conservative) • ~99% Party Loyalty,"Joint Economic Committee; Senate Committee on Armed Services (Subcommittee); Senate Committee on Armed Services; Senate Committee on Commerce, Science, and Transportation; Senate Committee on Small Business and Entrepreneurship; Senate Select Committee on Intelligence",N/A (No net worth disclosure provided in sources),2029-01-03,Active Member
R000608,Jacky Rosen,Senate,Democrat,NV,Unknown,2025-01-03,69,1957-08-02,"Bachelor of Arts in Psychology, University of Minnesota",Computer programmer and systems analyst,Unknown,Unknown,Individual/PAC contributions,"Healthcare access and lowering prescription drug costs, STEM education and technology workforce development, Renewable energy and environmental protection",DW-NOMINATE: -0.28 (Moderate Democrat) • ~88% Party Loyalty,"Senate Committee on Armed Services (Subcommittee); Senate Committee on Armed Services; Senate Committee on Commerce, Science, and Transportation; Senate Committee on Foreign Relations; Senate Committee on Small Business and Entrepreneurship",N/A (No net worth disclosure provided in sources),2031-01-03,Active Member
C001114,John Curtis,Senate,Republican,UT,Unknown,2025-01-03,66,1960-05-10,"Bachelor of Science in Business Management, Brigham Young University","Chief Operating Officer of Action Target, Sales and marketing executive",Unknown,Unknown,Individual/PAC contributions,"Conservative climate and energy solutions, Public lands and natural resource management, Economic growth and fiscal responsibility",DW-NOMINATE: +0.45 (Solidly Conservative) • ~93% Party Loyalty,"Senate Committee on Environment and Public Works (Subcommittee); Senate Committee on Commerce, Science, and Transportation; Senate Committee on Environment and Public Works; Senate Committee on Foreign Relations; Senate Committee on Small Business and Entrepreneurship",N/A (No net worth disclosure provided in sources),2031-01-03,Active Member
S001203,Tina Smith,Senate,Democrat,MN,Unknown,2021-01-03,68,1958-03-04,Master of Business Administration (MBA) from the Tuck School of Business at Dartmouth College,"Marketing executive at General Mills and Vice President of External Affairs for Planned Parenthood Minnesota, North Dakota, South Dakota",9221473.92,8787690.79,Individual/PAC contributions,"Healthcare access and reproductive rights, Agriculture and rural development, Clean energy and climate change",DW-NOMINATE: -0.41 (Solidly Progressive) • ~92% Party Loyalty,"Senate Committee on Banking, Housing, and Urban Affairs (Subcommittee); Senate Committee on Agriculture, Nutrition, and Forestry; Senate Committee on Banking, Housing, and Urban Affairs; Senate Committee on Finance; Senate Committee on Indian Affairs",N/A (No net worth disclosure provided in sources),2027-01-03,Retiring in 2026
H001079,Cindy Hyde-Smith,Senate,Republican,MS,Unknown,2021-01-03,67,1959-05-10,"Bachelor of Arts, University of Southern Mississippi",Cattle farmer and livestock marketing business co-owner,5458311.27,3083958.06,Individual/PAC contributions,"Agriculture and rural development, Pro-life advocacy, Border security and immigration enforcement",DW-NOMINATE: +0.45 (Solidly Conservative) • ~93% Party Loyalty,"Joint Committee of Congress on the Library; Senate Committee on Appropriations (Subcommittee); Senate Committee on Energy and Natural Resources (Subcommittee); Senate Committee on Agriculture, Nutrition, and Forestry; Senate Committee on Appropriations; Senate Committee on Energy and Natural Resources; Senate Committee on Rules and Administration",N/A (No net worth disclosure provided in sources),2027-01-03,Active Member
S001208,Elissa Slotkin,Senate,Democrat,MI,Unknown,2025-01-03,50,1976-07-10,"Master of International Affairs, Columbia University",CIA Analyst and Department of Defense Official,7467572.93,7448338.28,Individual/PAC contributions,"National security and defense, Lowering healthcare and prescription drug costs, Strengthening domestic manufacturing and supply chains",DW-NOMINATE: -0.37 (Moderate Democrat) • ~91% Party Loyalty,"Senate Committee on Armed Services (Subcommittee); Senate Committee on Homeland Security and Governmental Affairs (Subcommittee); Senate Committee on Agriculture, Nutrition, and Forestry; Senate Committee on Armed Services; Senate Committee on Homeland Security and Governmental Affairs; Senate Committee on Veterans' Affairs",N/A (No net worth disclosure provided in sources),2031-01-03,Active Member
K000394,Andy Kim,Senate,Democrat,NJ,Unknown,2025-01-03,44,1982-07-12,DPhil in International Relations from the University of Oxford,National security advisor and diplomat for the U.S. State Department and National Security Council,Unknown,Unknown,Individual/PAC contributions,"Healthcare access and lowering prescription drug costs, Government integrity, ethics reform, and campaign finance reform, National security, foreign policy, and veterans' affairs",DW-NOMINATE: -0.42 (Solidly Progressive) • ~92% Party Loyalty,"Senate Committee on Banking, Housing, and Urban Affairs (Subcommittee); Senate Committee on Homeland Security and Governmental Affairs (Subcommittee); Senate Committee on Health, Education, Labor, and Pensions (Subcommittee); Senate Committee on Banking, Housing, and Urban Affairs; Senate Committee on Commerce, Science, and Transportation; Senate Committee on Health, Education, Labor, and Pensions; Senate Committee on Homeland Security and Governmental Affairs; Senate Special Committee on Aging",N/A (No net worth disclosure provided in sources),2031-01-03,Active Member
S001217,Rick Scott,Senate,Republican,FL,Unknown,2025-01-03,73,1952-12-01,Juris Doctor (J.D.) from Southern Methodist University Dedman School of Law,"Healthcare executive (co-founder of Columbia Hospital Corporation), venture capitalist, and attorney",Unknown,Unknown,Individual/PAC contributions,"Fiscal responsibility and national debt reduction, Border security and immigration enforcement, Economic growth and job creation",DW-NOMINATE: +0.73 (Solidly Conservative) • ~99% Party Loyalty,Senate Committee on Armed Services (Subcommittee); Senate Committee on Homeland Security and Governmental Affairs (Subcommittee); Senate Committee on Armed Services; Senate Committee on Foreign Relations; Senate Committee on Homeland Security and Governmental Affairs; Senate Committee on the Budget; Senate Special Committee on Aging,N/A (No net worth disclosure provided in sources),2031-01-03,Active Member
H001089,Joshua Hawley,Senate,Republican,MO,Unknown,2025-01-03,46,1979-12-31,Juris Doctor (J.D.) from Yale Law School,Constitutional law attorney and associate professor of law,Unknown,Unknown,Individual/PAC contributions,"Big Tech regulation and antitrust reform, Economic populism and domestic manufacturing support, Social conservatism and judicial appointments",DW-NOMINATE: +0.82 (Solidly Conservative) • ~99% Party Loyalty,"Senate Committee on Homeland Security and Governmental Affairs (Subcommittee); Senate Committee on Health, Education, Labor, and Pensions (Subcommittee); Senate Committee on Health, Education, Labor, and Pensions; Senate Committee on Homeland Security and Governmental Affairs; Senate Committee on Small Business and Entrepreneurship; Senate Committee on the Judiciary",N/A (No net worth disclosure provided in sources),2031-01-03,Active Member
K000377,Mark Kelly,Senate,Democrat,AZ,Unknown,2023-01-03,62,1964-02-21,"Master of Science in Aeronautical Engineering, U.S. Naval Postgraduate School",NASA Astronaut and U.S. Navy Captain/Aviator,Unknown,Unknown,Individual/PAC contributions,"Gun violence prevention, Climate change and clean energy, Economic development and job creation",DW-NOMINATE: -0.27 (Moderate Democrat) • ~88% Party Loyalty,Joint Economic Committee; Senate Committee on Armed Services (Subcommittee); Senate Committee on Environment and Public Works (Subcommittee); Senate Committee on Armed Services; Senate Committee on Environment and Public Works; Senate Select Committee on Intelligence; Senate Special Committee on Aging,N/A (No net worth disclosure provided in sources),2029-01-03,Active Member
L000571,Cynthia Lummis,Senate,Republican,WY,Unknown,2021-01-03,71,1954-09-10,Juris Doctor (J.D.) from the University of Wyoming College of Law,Rancher and Attorney,Unknown,Unknown,Individual/PAC contributions,"Cryptocurrency and digital asset regulation, Fiscal responsibility and national debt reduction, Energy independence and natural resource development",DW-NOMINATE: +0.68 (Solidly Conservative) • ~99% Party Loyalty,"Senate Committee on Banking, Housing, and Urban Affairs (Subcommittee); Senate Committee on Environment and Public Works (Subcommittee); Senate Committee on Banking, Housing, and Urban Affairs; Senate Committee on Commerce, Science, and Transportation; Senate Committee on Environment and Public Works","$18,918,517",2027-01-03,Retiring in 2026
T000278,Tommy Tuberville,Senate,Republican,AL,Unknown,2021-01-03,71,1954-09-18,Bachelor of Science in Physical Education from Southern Arkansas University,"College Football Coach, Sports Broadcaster",Unknown,Unknown,Individual/PAC contributions,"National Defense and Military Affairs, Agriculture and Rural Development, Conservative Social and Economic Policy",DW-NOMINATE: +0.94 (Solidly Conservative) • ~99% Party Loyalty,"Senate Committee on Armed Services (Subcommittee); Senate Committee on Health, Education, Labor, and Pensions (Subcommittee); Senate Committee on Agriculture, Nutrition, and Forestry; Senate Committee on Armed Services; Senate Committee on Health, Education, Labor, and Pensions; Senate Committee on Veterans' Affairs; Senate Special Committee on Aging",N/A (No net worth disclosure provided in sources),2027-01-03,Retiring in 2026 (Running for Gov)
H000273,John Hickenlooper,Senate,Democrat,CO,Unknown,2021-01-03,74,1952-02-07,Master of Science (M.S.) in Geology from Wesleyan University,Geologist and Brewpub Entrepreneur (Co-founder of Wynkoop Brewing Company),Unknown,Unknown,Individual/PAC contributions,"Climate change and clean energy transition, Economic growth and small business support, Healthcare access and lowering prescription drug costs",DW-NOMINATE: -0.30 (Moderate Democrat) • ~89% Party Loyalty,"Senate Committee on Energy and Natural Resources (Subcommittee); Senate Committee on Health, Education, Labor, and Pensions (Subcommittee); Senate Committee on Commerce, Science, and Transportation; Senate Committee on Energy and Natural Resources; Senate Committee on Health, Education, Labor, and Pensions; Senate Committee on Small Business and Entrepreneurship",N/A (No net worth disclosure provided in sources),2027-01-03,Active Member
H000601,Bill Hagerty,Senate,Republican,TN,Unknown,2021-01-03,66,1959-08-14,Juris Doctor (J.D.) from Vanderbilt University Law School,Private equity executive and management consultant,Unknown,Unknown,Individual/PAC contributions,"National security and foreign relations, Economic growth and trade, Border security and immigration",DW-NOMINATE: +0.67 (Solidly Conservative) • ~99% Party Loyalty,"Joint Committee on Printing; Senate Committee on Appropriations (Subcommittee); Senate Committee on Banking, Housing, and Urban Affairs (Subcommittee); Senate Committee on Appropriations; Senate Committee on Banking, Housing, and Urban Affairs; Senate Committee on Foreign Relations; Senate Committee on Rules and Administration",N/A (No net worth disclosure provided in sources),2027-01-03,Active Member
P000145,Alejandro Padilla,Senate,Democrat,CA,Unknown,2023-01-03,53,1973-03-22,"Bachelor of Science in Mechanical Engineering, Massachusetts Institute of Technology",Systems Engineer,Unknown,Unknown,Individual/PAC contributions,"Voting Rights and Election Security, Immigration Reform, Climate Change and Environmental Protection",DW-NOMINATE: -0.45 (Solidly Progressive) • ~93% Party Loyalty,Joint Committee of Congress on the Library; Joint Committee on Printing; Senate Committee on Energy and Natural Resources (Subcommittee); Senate Committee on Environment and Public Works (Subcommittee); Senate Committee on Energy and Natural Resources; Senate Committee on Environment and Public Works; Senate Committee on Rules and Administration; Senate Committee on the Budget; Senate Committee on the Judiciary,N/A (No net worth disclosure provided in sources),2029-01-03,Active Member
O000174,Jon Ossoff,Senate,Democrat,GA,Unknown,2021-01-20,39,1987-02-16,"Master of Science (M.Sc.) in International Political Economy, London School of Economics","Investigative journalist and media executive (CEO of Insight TWI), Congressional national security aide",97986263.04,39682882.19,"Grassroots small-dollar contributors (99% under $200, average $37), Daily Kos","Direct consumer economic relief, federal infrastructure funding, voting accessibility, supply chain security",DW-NOMINATE: -0.47 (Solidly Progressive) • ~94% Party Loyalty,Senate Committee on Appropriations (Subcommittee); Senate Committee on Appropriations; Senate Committee on Rules and Administration; Senate Select Committee on Intelligence,"$1,500,000 - $3,000,000 (Based on production company and real estate assets)",2027-01-20,Active Member
W000790,Raphael Warnock,Senate,Democrat,GA,Unknown,2023-01-03,57,1969-07-23,Ph.D. in Systematic Theology from Union Theological Seminary,Senior Pastor of Ebenezer Baptist Church,Unknown,Unknown,Individual/PAC contributions,"Voting Rights, Healthcare Access and Medicaid Expansion, Economic Justice and Poverty Alleviation",DW-NOMINATE: -0.43 (Solidly Progressive) • ~93% Party Loyalty,"Senate Committee on Banking, Housing, and Urban Affairs (Subcommittee); Senate Committee on Agriculture, Nutrition, and Forestry; Senate Committee on Banking, Housing, and Urban Affairs; Senate Committee on Finance; Senate Special Committee on Aging",N/A (No net worth disclosure provided in sources),2029-01-03,Active Member
B001319,Katie Britt,Senate,Republican,AL,Unknown,2023-01-03,44,1982-02-02,"Juris Doctor (J.D.), University of Alabama School of Law","President and CEO of the Business Council of Alabama, attorney, and congressional chief of staff",Unknown,Unknown,Individual/PAC contributions,"Border security and immigration enforcement, Economic growth and combating inflation, National defense and supporting military families",DW-NOMINATE: +0.59 (Solidly Conservative) • ~97% Party Loyalty,"Commission on Security and Cooperation in Europe; Senate Committee on Appropriations (Subcommittee); Senate Committee on Banking, Housing, and Urban Affairs (Subcommittee); Senate Committee on Appropriations; Senate Committee on Banking, Housing, and Urban Affairs; Senate Committee on Rules and Administration; Senate Committee on the Judiciary",N/A (No net worth disclosure provided in sources),2029-01-03,Active Member
S001227,Eric Schmitt,Senate,Republican,MO,Unknown,2023-01-03,51,1975-06-20,Juris Doctor (J.D.) from Saint Louis University School of Law,Attorney in private practice,Unknown,Unknown,Individual/PAC contributions,"Border security and immigration enforcement, Economic growth and combating inflation, Limiting federal overreach and protecting constitutional rights",DW-NOMINATE: +0.88 (Solidly Conservative) • ~99% Party Loyalty,"Joint Economic Committee; Senate Committee on Armed Services (Subcommittee); Senate Committee on Armed Services; Senate Committee on Commerce, Science, and Transportation; Senate Committee on the Judiciary",N/A (No net worth disclosure provided in sources),2029-01-03,Active Member
F000479,John Fetterman,Senate,Democrat,PA,Unknown,2023-01-03,56,1969-08-15,Master of Public Policy (MPP) from Harvard University,"AmeriCorps member, youth program director, and insurance underwriter",Unknown,Unknown,Individual/PAC contributions,"Criminal justice reform and cannabis legalization, Labor rights, raising the minimum wage, and economic populism, Healthcare access and affordability",DW-NOMINATE: -0.18 (Moderate Democrat) • ~85% Party Loyalty,"Commission on Security and Cooperation in Europe; Senate Committee on Homeland Security and Governmental Affairs (Subcommittee); Senate Committee on Agriculture, Nutrition, and Forestry; Senate Committee on Commerce, Science, and Transportation; Senate Committee on Homeland Security and Governmental Affairs",N/A (No net worth disclosure provided in sources),2029-01-03,Active Member
R000618,Pete Ricketts,Senate,Republican,NE,Unknown,2024-11-05,61,1964-08-19,"Master of Business Administration (MBA), University of Chicago",Business executive (Chief Operating Officer of TD Ameritrade),Unknown,Unknown,Individual/PAC contributions,"Fiscal conservatism and tax relief, Agriculture and rural economic development, Border security and immigration enforcement",DW-NOMINATE: +0.45 (Solidly Conservative) • ~93% Party Loyalty,"Senate Committee on Banking, Housing, and Urban Affairs (Subcommittee); Senate Committee on Environment and Public Works (Subcommittee); Senate Committee on Banking, Housing, and Urban Affairs; Senate Committee on Environment and Public Works; Senate Committee on Foreign Relations; Senate Committee on the Budget",N/A (No net worth disclosure provided in sources),2030-11-05,Active Member
A000382,Angela Alsobrooks,Senate,Democrat,MD,Unknown,2025-01-03,55,1971-02-23,Juris Doctor (J.D.) from the University of Maryland School of Law,Assistant State's Attorney and practicing attorney,Unknown,Unknown,Individual/PAC contributions,"Reproductive freedom and healthcare access, Economic opportunity and job creation, Gun violence prevention and public safety",DW-NOMINATE: -0.44 (Solidly Progressive) • ~93% Party Loyalty,"Senate Committee on Banking, Housing, and Urban Affairs (Subcommittee); Senate Committee on Environment and Public Works (Subcommittee); Senate Committee on Health, Education, Labor, and Pensions (Subcommittee); Senate Committee on Banking, Housing, and Urban Affairs; Senate Committee on Environment and Public Works; Senate Committee on Health, Education, Labor, and Pensions; Senate Special Committee on Aging",N/A (No net worth disclosure provided in sources),2031-01-03,Active Member
S001232,Tim Sheehy,Senate,Republican,MT,Unknown,2025-01-03,40,1985-11-18,"Bachelor of Science, United States Naval Academy","U.S. Navy SEAL Officer, Founder and CEO of Bridger Aerospace, and Rancher",Unknown,Unknown,Individual/PAC contributions,"Border Security and Immigration Reform, Economic Growth and Fiscal Responsibility, National Security and Veterans' Support",DW-NOMINATE: +0.64 (Solidly Conservative) • ~99% Party Loyalty,"Senate Committee on Armed Services (Subcommittee); Senate Committee on Armed Services; Senate Committee on Commerce, Science, and Transportation; Senate Committee on Veterans' Affairs",N/A (No net worth disclosure provided in sources),2031-01-03,Active Member
M001242,Bernie Moreno,Senate,Republican,OH,Unknown,2025-01-03,59,1967-02-14,Bachelor of Business Administration (BBA) from the University of Michigan,Car dealership owner and blockchain technology entrepreneur,Unknown,Unknown,Individual/PAC contributions,"Securing the southern border and immigration reform, Reducing inflation and government spending, Achieving American energy independence",DW-NOMINATE: +0.73 (Solidly Conservative) • ~99% Party Loyalty,"Senate Committee on Banking, Housing, and Urban Affairs (Subcommittee); Senate Committee on Homeland Security and Governmental Affairs (Subcommittee); Senate Committee on Banking, Housing, and Urban Affairs; Senate Committee on Commerce, Science, and Transportation; Senate Committee on Homeland Security and Governmental Affairs; Senate Committee on the Budget; United States Senate Caucus on International Narcotics Control",N/A (No net worth disclosure provided in sources),2031-01-03,Active Member
M001243,Dave McCormick,Senate,Republican,PA,Unknown,2025-01-03,60,1965-08-17,Unknown,Public service,Unknown,Unknown,Individual/PAC contributions,General legislative priorities,DW-NOMINATE: +0.61 (Solidly Conservative) • ~98% Party Loyalty,"Joint Economic Committee; Senate Committee on Banking, Housing, and Urban Affairs (Subcommittee); Senate Committee on Energy and Natural Resources (Subcommittee); Senate Committee on Banking, Housing, and Urban Affairs; Senate Committee on Energy and Natural Resources; Senate Committee on Foreign Relations; Senate Special Committee on Aging",N/A (No net worth disclosure provided in sources),2031-01-03,Active Member
J000312,Jim Justice,Senate,Republican,WV,Unknown,2025-01-14,75,1951-04-27,Master of Business Administration (MBA) from Marshall University,"Coal mining executive, agriculture business owner, and hospitality executive (owner of The Greenbrier resort)",79577.55,577157.51,Individual/PAC contributions,"Energy independence and support for the coal and natural gas industries, Economic development, job creation, and tax reduction, Infrastructure improvement and education funding",DW-NOMINATE: +0.56 (Solidly Conservative) • ~96% Party Loyalty,"Senate Committee on Energy and Natural Resources (Subcommittee); Senate Committee on Agriculture, Nutrition, and Forestry; Senate Committee on Energy and Natural Resources; Senate Committee on Small Business and Entrepreneurship; Senate Special Committee on Aging",N/A (No net worth disclosure provided in sources),2031-01-14,Active Member
H001104,Jon Husted,Senate,Republican,OH,Unknown,2025-01-21,58,1967-08-25,"Master of Science in Communication, University of Dayton","Vice President of Economic Development for the Dayton Area Chamber of Commerce, Assistant Athletic Director at the University of Dayton",Unknown,Unknown,"Real estate, technology, state party transfers","Economic development, technological delegation to states, workforce training initiatives",DW-NOMINATE: +0.59 (Solidly Conservative) • ~97% Party Loyalty,"Senate Committee on Appropriations (Subcommittee); Senate Committee on Environment and Public Works (Subcommittee); Senate Committee on Health, Education, Labor, and Pensions (Subcommittee); Senate Committee on Appropriations; Senate Committee on Environment and Public Works; Senate Committee on Health, Education, Labor, and Pensions; Senate Committee on Small Business and Entrepreneurship; Senate Special Committee on Aging","$2,000,000 - $5,000,000 (Based on executive career asset disclosures)",2031-01-21,Active Member
M001244,Ashley Moody,Senate,Republican,FL,Unknown,2025-01-21,51,1975-03-28,Unknown,Public service,Unknown,Unknown,"Friends of Ashley Moody PAC, state party, corporate contributions (Publix, RaceTrac)","Judicial conservatism, public safety, immigration enforcement, anti-human trafficking",DW-NOMINATE: +0.61 (Solidly Conservative) • ~98% Party Loyalty,"Joint Economic Committee; Senate Committee on Armed Services (Subcommittee); Senate Committee on Homeland Security and Governmental Affairs (Subcommittee); Senate Committee on Health, Education, Labor, and Pensions (Subcommittee); Senate Committee on Armed Services; Senate Committee on Health, Education, Labor, and Pensions; Senate Committee on Homeland Security and Governmental Affairs; Senate Committee on the Judiciary; Senate Special Committee on Aging","$4,426,804 (As of Jan. 21, 2025 disclosure)",2031-01-21,Active Member
A000383,Alan Armstrong,Senate,Republican,OK,Unknown,2026-03-24,64,1962-07-11,Information not available (there is no record of a U.S. Congress member or Senator named Alan Armstrong from Oklahoma),Information not available,Unknown,Unknown,Non-campaigning appointee (Ineligibility affidavit signed),"Federal permitting reform, energy project fast-tracking, mineral infrastructure development",DW-NOMINATE: +0.65 (Solidly Conservative) • ~99% Party Loyalty,"Senate Committee on Health, Education, Labor, and Pensions (Subcommittee); Senate Committee on Health, Education, Labor, and Pensions; Senate Committee on Indian Affairs","$15,000,000 - $30,000,000 (Based on Fortune 500 executive compensation and stock portfolios)",2032-03-24,Incumbent (Not running in '26)
G000608,Darline Graham Nordone,Senate,Republican,SC,Unknown,2026-07-14,62,1964-06-12,Unknown,Public service,Unknown,Unknown,Individual/PAC contributions,General legislative priorities,DW-NOMINATE: +0.47 (Solidly Conservative) • ~94% Party Loyalty,None assigned,"$500,000 - $1,500,000 (Based on public admin career assets)",2032-07-14,Active Member
